<?xml version="1.0" encoding="UTF-8" standalone="yes"?>
<manifest>
  <control namespace="ImageViewerPCF" constructor="ImageViewer" version="0.0.1" display-name-key="ImageViewer" description-key="ImageViewer description" control-type="standard" api-version="1.3.15">
    <external-service-usage enabled="false"/>
    <property name="placeHolder" display-name-key="placeHolder" description-key="placeHolder" of-type="SingleLine.Text" usage="bound" required="true"/>
    <property name="fileFieldName" display-name-key="fileFieldName" description-key="File type field that is used for storing image data" of-type="SingleLine.Text" usage="input" required="true"/>
    <property name="imageViewerProps" display-name-key="imageViewerProps" description-key="dynamic props in JSON format for Image Viewer Control" of-type="SingleLine.Text" usage="input" required="false"/>
    <resources>
      <code path="bundle.js" order="1"/>
      <css path="src/css/image-gallery.css" order="1"/>
      <css path="src/css/drop-zone.css" order="1"/>
    </resources>
    <feature-usage>
      <uses-feature name="Device.pickFile" required="true"/>
      <uses-feature name="Utility" required="true"/>
      <uses-feature name="WebAPI" required="true"/>
    </feature-usage>
    <built-by name="pac" version="1.34.3"/>
  </control>
</manifest>